,Count,Interface ID,Encap Type,Time,Time Epoch,Time Delta,Time Delta Displayed,Time Relative,Number,Len,Cap Len,Marked,Ignored,Protocols
0,0,0,23,"Apr 13, 2017 15:56:30.615367000 Pacific Daylight Time",1492124190.615367000,0.004873000,0.000000000,0.106383000,82,259,259,0,0,radiotap:wlan_radio:wlan
1,1,0,23,"Apr 13, 2017 15:56:30.716003000 Pacific Daylight Time",1492124190.716003000,0.000222000,0.100636000,0.207019000,151,259,259,0,0,radiotap:wlan_radio:wlan
2,2,0,23,"Apr 13, 2017 15:56:30.821941000 Pacific Daylight Time",1492124190.821941000,0.000284000,0.105938000,0.312957000,220,259,259,0,0,radiotap:wlan_radio:wlan
3,3,0,23,"Apr 13, 2017 15:56:30.931198000 Pacific Daylight Time",1492124190.931198000,0.000458000,0.109257000,0.422214000,288,259,259,0,0,radiotap:wlan_radio:wlan
4,4,0,23,"Apr 13, 2017 15:56:31.021992000 Pacific Daylight Time",1492124191.021992000,0.000341000,0.090794000,0.513008000,355,259,259,0,0,radiotap:wlan_radio:wlan
5,5,0,23,"Apr 13, 2017 15:56:31.128091000 Pacific Daylight Time",1492124191.128091000,0.000419000,0.106099000,0.619107000,417,259,259,0,0,radiotap:wlan_radio:wlan
6,6,0,23,"Apr 13, 2017 15:56:31.226516000 Pacific Daylight Time",1492124191.226516000,0.000953000,0.098425000,0.717532000,522,259,259,0,0,radiotap:wlan_radio:wlan
7,7,0,23,"Apr 13, 2017 15:56:31.328880000 Pacific Daylight Time",1492124191.328880000,0.009067000,0.102364000,0.819896000,558,259,259,0,0,radiotap:wlan_radio:wlan
8,8,0,23,"Apr 13, 2017 15:56:31.431193000 Pacific Daylight Time",1492124191.431193000,0.001158000,0.102313000,0.922209000,621,259,259,0,0,radiotap:wlan_radio:wlan
9,9,0,23,"Apr 13, 2017 15:56:31.533605000 Pacific Daylight Time",1492124191.533605000,0.004897000,0.102412000,1.024621000,631,259,259,0,0,radiotap:wlan_radio:wlan
10,10,0,23,"Apr 13, 2017 15:56:31.636117000 Pacific Daylight Time",1492124191.636117000,0.000539000,0.102512000,1.127133000,639,259,259,0,0,radiotap:wlan_radio:wlan
11,11,0,23,"Apr 13, 2017 15:56:31.738460000 Pacific Daylight Time",1492124191.738460000,0.000865000,0.102343000,1.229476000,643,259,259,0,0,radiotap:wlan_radio:wlan
12,12,0,23,"Apr 13, 2017 15:56:31.840866000 Pacific Daylight Time",1492124191.840866000,0.064164000,0.102406000,1.331882000,646,259,259,0,0,radiotap:wlan_radio:wlan
13,13,0,23,"Apr 13, 2017 15:56:31.951835000 Pacific Daylight Time",1492124191.951835000,0.000122000,0.110969000,1.442851000,729,259,259,0,0,radiotap:wlan_radio:wlan
14,14,0,23,"Apr 13, 2017 15:56:32.045566000 Pacific Daylight Time",1492124192.045566000,0.064165000,0.093731000,1.536582000,734,259,259,0,0,radiotap:wlan_radio:wlan
15,15,0,23,"Apr 13, 2017 15:56:32.147974000 Pacific Daylight Time",1492124192.147974000,0.042125000,0.102408000,1.638990000,753,259,259,0,0,radiotap:wlan_radio:wlan
16,16,0,23,"Apr 13, 2017 15:56:32.259558000 Pacific Daylight Time",1492124192.259558000,0.000229000,0.111584000,1.750574000,860,259,259,0,0,radiotap:wlan_radio:wlan
17,17,0,23,"Apr 13, 2017 15:56:32.354254000 Pacific Daylight Time",1492124192.354254000,0.000666000,0.094696000,1.845270000,922,259,259,0,0,radiotap:wlan_radio:wlan
18,18,0,23,"Apr 13, 2017 15:56:32.458305000 Pacific Daylight Time",1492124192.458305000,0.005864000,0.104051000,1.949321000,998,259,259,0,0,radiotap:wlan_radio:wlan
19,19,0,23,"Apr 13, 2017 15:56:32.557597000 Pacific Daylight Time",1492124192.557597000,0.061355000,0.099292000,2.048613000,1027,259,259,0,0,radiotap:wlan_radio:wlan
20,20,0,23,"Apr 13, 2017 15:56:32.661325000 Pacific Daylight Time",1492124192.661325000,0.003215000,0.103728000,2.152341000,1081,259,259,0,0,radiotap:wlan_radio:wlan
21,21,0,23,"Apr 13, 2017 15:56:32.771921000 Pacific Daylight Time",1492124192.771921000,0.000455000,0.110596000,2.262937000,1172,259,259,0,0,radiotap:wlan_radio:wlan
22,22,0,23,"Apr 13, 2017 15:56:32.864805000 Pacific Daylight Time",1492124192.864805000,0.048826000,0.092884000,2.355821000,1202,259,259,0,0,radiotap:wlan_radio:wlan
23,23,0,23,"Apr 13, 2017 15:56:32.967194000 Pacific Daylight Time",1492124192.967194000,0.056223000,0.102389000,2.458210000,1206,259,259,0,0,radiotap:wlan_radio:wlan
24,24,0,23,"Apr 13, 2017 15:56:33.070858000 Pacific Daylight Time",1492124193.070858000,0.000354000,0.103664000,2.561874000,1276,259,259,0,0,radiotap:wlan_radio:wlan
25,25,0,23,"Apr 13, 2017 15:56:33.178756000 Pacific Daylight Time",1492124193.178756000,0.000427000,0.107898000,2.669772000,1342,259,259,0,0,radiotap:wlan_radio:wlan
26,26,0,23,"Apr 13, 2017 15:56:33.278703000 Pacific Daylight Time",1492124193.278703000,0.000361000,0.099947000,2.769719000,1407,259,259,0,0,radiotap:wlan_radio:wlan
27,27,0,23,"Apr 13, 2017 15:56:33.383113000 Pacific Daylight Time",1492124193.383113000,0.000284000,0.104410000,2.874129000,1462,259,259,0,0,radiotap:wlan_radio:wlan
28,28,0,23,"Apr 13, 2017 15:56:33.479153000 Pacific Daylight Time",1492124193.479153000,0.013411000,0.096040000,2.970169000,1598,259,259,0,0,radiotap:wlan_radio:wlan
29,29,0,23,"Apr 13, 2017 15:56:33.581531000 Pacific Daylight Time",1492124193.581531000,0.000677000,0.102378000,3.072547000,1763,259,259,0,0,radiotap:wlan_radio:wlan
30,30,0,23,"Apr 13, 2017 15:56:33.683942000 Pacific Daylight Time",1492124193.683942000,0.041785000,0.102411000,3.174958000,1809,259,259,0,0,radiotap:wlan_radio:wlan
31,31,0,23,"Apr 13, 2017 15:56:33.786339000 Pacific Daylight Time",1492124193.786339000,0.021624000,0.102397000,3.277355000,1815,259,259,0,0,radiotap:wlan_radio:wlan
32,32,0,23,"Apr 13, 2017 15:56:33.888831000 Pacific Daylight Time",1492124193.888831000,0.000299000,0.102492000,3.379847000,1885,259,259,0,0,radiotap:wlan_radio:wlan
33,33,0,23,"Apr 13, 2017 15:56:33.991195000 Pacific Daylight Time",1492124193.991195000,0.000551000,0.102364000,3.482211000,2061,259,259,0,0,radiotap:wlan_radio:wlan
34,34,0,23,"Apr 13, 2017 15:56:34.093531000 Pacific Daylight Time",1492124194.093531000,0.022682000,0.102336000,3.584547000,2146,259,259,0,0,radiotap:wlan_radio:wlan
35,35,0,23,"Apr 13, 2017 15:56:34.195902000 Pacific Daylight Time",1492124194.195902000,0.000245000,0.102371000,3.686918000,2295,259,259,0,0,radiotap:wlan_radio:wlan
36,36,0,23,"Apr 13, 2017 15:56:34.299909000 Pacific Daylight Time",1492124194.299909000,0.024119000,0.104007000,3.790925000,2375,259,259,0,0,radiotap:wlan_radio:wlan
37,37,0,23,"Apr 13, 2017 15:56:34.400862000 Pacific Daylight Time",1492124194.400862000,0.005742000,0.100953000,3.891878000,2441,259,259,0,0,radiotap:wlan_radio:wlan
38,38,0,23,"Apr 13, 2017 15:56:34.507320000 Pacific Daylight Time",1492124194.507320000,0.000382000,0.106458000,3.998336000,2554,259,259,0,0,radiotap:wlan_radio:wlan
39,39,0,23,"Apr 13, 2017 15:56:34.605856000 Pacific Daylight Time",1492124194.605856000,0.004301000,0.098536000,4.096872000,2637,259,259,0,0,radiotap:wlan_radio:wlan
40,40,0,23,"Apr 13, 2017 15:56:34.712498000 Pacific Daylight Time",1492124194.712498000,0.000284000,0.106642000,4.203514000,2725,259,259,0,0,radiotap:wlan_radio:wlan
41,41,0,23,"Apr 13, 2017 15:56:34.819514000 Pacific Daylight Time",1492124194.819514000,0.000283000,0.107016000,4.310530000,2801,259,259,0,0,radiotap:wlan_radio:wlan
42,42,0,23,"Apr 13, 2017 15:56:34.915471000 Pacific Daylight Time",1492124194.915471000,0.000219000,0.095957000,4.406487000,2864,259,259,0,0,radiotap:wlan_radio:wlan
43,43,0,23,"Apr 13, 2017 15:56:35.014967000 Pacific Daylight Time",1492124195.014967000,0.015121000,0.099496000,4.505983000,2898,259,259,0,0,radiotap:wlan_radio:wlan
44,44,0,23,"Apr 13, 2017 15:56:35.122781000 Pacific Daylight Time",1492124195.122781000,0.000284000,0.107814000,4.613797000,2922,259,259,0,0,radiotap:wlan_radio:wlan
45,45,0,23,"Apr 13, 2017 15:56:35.219870000 Pacific Daylight Time",1492124195.219870000,0.001307000,0.097089000,4.710886000,2986,259,259,0,0,radiotap:wlan_radio:wlan
46,46,0,23,"Apr 13, 2017 15:56:35.322256000 Pacific Daylight Time",1492124195.322256000,0.008977000,0.102386000,4.813272000,3022,259,259,0,0,radiotap:wlan_radio:wlan
47,47,0,23,"Apr 13, 2017 15:56:35.424628000 Pacific Daylight Time",1492124195.424628000,0.006927000,0.102372000,4.915644000,3027,259,259,0,0,radiotap:wlan_radio:wlan
48,48,0,23,"Apr 13, 2017 15:56:35.526891000 Pacific Daylight Time",1492124195.526891000,0.004874000,0.102263000,5.017907000,3054,259,259,0,0,radiotap:wlan_radio:wlan
49,49,0,23,"Apr 13, 2017 15:56:35.634006000 Pacific Daylight Time",1492124195.634006000,0.000220000,0.107115000,5.125022000,3093,259,259,0,0,radiotap:wlan_radio:wlan
50,50,0,23,"Apr 13, 2017 15:56:35.732064000 Pacific Daylight Time",1492124195.732064000,0.000126000,0.098058000,5.223080000,3180,259,259,0,0,radiotap:wlan_radio:wlan
51,51,0,23,"Apr 13, 2017 15:56:35.834135000 Pacific Daylight Time",1492124195.834135000,0.000317000,0.102071000,5.325151000,3271,259,259,0,0,radiotap:wlan_radio:wlan
52,52,0,23,"Apr 13, 2017 15:56:35.936616000 Pacific Daylight Time",1492124195.936616000,0.001633000,0.102481000,5.427632000,3429,259,259,0,0,radiotap:wlan_radio:wlan
53,53,0,23,"Apr 13, 2017 15:56:36.039567000 Pacific Daylight Time",1492124196.039567000,0.000387000,0.102951000,5.530583000,3530,259,259,0,0,radiotap:wlan_radio:wlan
54,54,0,23,"Apr 13, 2017 15:56:36.141409000 Pacific Daylight Time",1492124196.141409000,0.000860000,0.101842000,5.632425000,3595,259,259,0,0,radiotap:wlan_radio:wlan
55,55,0,23,"Apr 13, 2017 15:56:36.243809000 Pacific Daylight Time",1492124196.243809000,0.000660000,0.102400000,5.734825000,3682,259,259,0,0,radiotap:wlan_radio:wlan
56,56,0,23,"Apr 13, 2017 15:56:36.346205000 Pacific Daylight Time",1492124196.346205000,0.002697000,0.102396000,5.837221000,3729,259,259,0,0,radiotap:wlan_radio:wlan
57,57,0,23,"Apr 13, 2017 15:56:36.448931000 Pacific Daylight Time",1492124196.448931000,0.005606000,0.102726000,5.939947000,3831,259,259,0,0,radiotap:wlan_radio:wlan
58,58,0,23,"Apr 13, 2017 15:56:36.551438000 Pacific Daylight Time",1492124196.551438000,0.005761000,0.102507000,6.042454000,3938,259,259,0,0,radiotap:wlan_radio:wlan
59,59,0,23,"Apr 13, 2017 15:56:36.659610000 Pacific Daylight Time",1492124196.659610000,0.000287000,0.108172000,6.150626000,4029,259,259,0,0,radiotap:wlan_radio:wlan
60,60,0,23,"Apr 13, 2017 15:56:36.769053000 Pacific Daylight Time",1492124196.769053000,0.000330000,0.109443000,6.260069000,4117,259,259,0,0,radiotap:wlan_radio:wlan
61,61,0,23,"Apr 13, 2017 15:56:36.861385000 Pacific Daylight Time",1492124196.861385000,0.000458000,0.092332000,6.352401000,4190,259,259,0,0,radiotap:wlan_radio:wlan
62,62,0,23,"Apr 13, 2017 15:56:36.966890000 Pacific Daylight Time",1492124196.966890000,0.000449000,0.105505000,6.457906000,4260,259,259,0,0,radiotap:wlan_radio:wlan
63,63,0,23,"Apr 13, 2017 15:56:37.069345000 Pacific Daylight Time",1492124197.069345000,0.000449000,0.102455000,6.560361000,4321,259,259,0,0,radiotap:wlan_radio:wlan
64,64,0,23,"Apr 13, 2017 15:56:37.165338000 Pacific Daylight Time",1492124197.165338000,0.002577000,0.095993000,6.656354000,4495,259,259,0,0,radiotap:wlan_radio:wlan
65,65,0,23,"Apr 13, 2017 15:56:37.267748000 Pacific Daylight Time",1492124197.267748000,0.002704000,0.102410000,6.758764000,4578,259,259,0,0,radiotap:wlan_radio:wlan
66,66,0,23,"Apr 13, 2017 15:56:37.377857000 Pacific Daylight Time",1492124197.377857000,0.000284000,0.110109000,6.868873000,4667,259,259,0,0,radiotap:wlan_radio:wlan
67,67,0,23,"Apr 13, 2017 15:56:37.472868000 Pacific Daylight Time",1492124197.472868000,0.000476000,0.095011000,6.963884000,4760,259,259,0,0,radiotap:wlan_radio:wlan
68,68,0,23,"Apr 13, 2017 15:56:37.578049000 Pacific Daylight Time",1492124197.578049000,0.000213000,0.105181000,7.069065000,4813,259,259,0,0,radiotap:wlan_radio:wlan
69,69,0,23,"Apr 13, 2017 15:56:37.677303000 Pacific Daylight Time",1492124197.677303000,0.002114000,0.099254000,7.168319000,4957,259,259,0,0,radiotap:wlan_radio:wlan
70,70,0,23,"Apr 13, 2017 15:56:37.779700000 Pacific Daylight Time",1492124197.779700000,0.064002000,0.102397000,7.270716000,4961,259,259,0,0,radiotap:wlan_radio:wlan
71,71,0,23,"Apr 13, 2017 15:56:37.885387000 Pacific Daylight Time",1492124197.885387000,0.000284000,0.105687000,7.376403000,5031,259,259,0,0,radiotap:wlan_radio:wlan
72,72,0,23,"Apr 13, 2017 15:56:37.989589000 Pacific Daylight Time",1492124197.989589000,0.000290000,0.104202000,7.480605000,5110,259,259,0,0,radiotap:wlan_radio:wlan
73,73,0,23,"Apr 13, 2017 15:56:38.086894000 Pacific Daylight Time",1492124198.086894000,0.058201000,0.097305000,7.577910000,5124,259,259,0,0,radiotap:wlan_radio:wlan
74,74,0,23,"Apr 13, 2017 15:56:38.189590000 Pacific Daylight Time",1492124198.189590000,0.000288000,0.102696000,7.680606000,5172,259,259,0,0,radiotap:wlan_radio:wlan
75,75,0,23,"Apr 13, 2017 15:56:38.291686000 Pacific Daylight Time",1492124198.291686000,0.050394000,0.102096000,7.782702000,5222,259,259,0,0,radiotap:wlan_radio:wlan
76,76,0,23,"Apr 13, 2017 15:56:38.396412000 Pacific Daylight Time",1492124198.396412000,0.005748000,0.104726000,7.887428000,5270,259,259,0,0,radiotap:wlan_radio:wlan
77,77,0,23,"Apr 13, 2017 15:56:38.498865000 Pacific Daylight Time",1492124198.498865000,0.000283000,0.102453000,7.989881000,5350,259,259,0,0,radiotap:wlan_radio:wlan
78,78,0,23,"Apr 13, 2017 15:56:38.604296000 Pacific Daylight Time",1492124198.604296000,0.005753000,0.105431000,8.095312000,5421,259,259,0,0,radiotap:wlan_radio:wlan
79,79,0,23,"Apr 13, 2017 15:56:38.703791000 Pacific Daylight Time",1492124198.703791000,0.005578000,0.099495000,8.194807000,5501,259,259,0,0,radiotap:wlan_radio:wlan
80,80,0,23,"Apr 13, 2017 15:56:38.811292000 Pacific Daylight Time",1492124198.811292000,0.000235000,0.107501000,8.302308000,5574,259,259,0,0,radiotap:wlan_radio:wlan
81,81,0,23,"Apr 13, 2017 15:56:38.916199000 Pacific Daylight Time",1492124198.916199000,0.000305000,0.104907000,8.407215000,5661,259,259,0,0,radiotap:wlan_radio:wlan
82,82,0,23,"Apr 13, 2017 15:56:39.020965000 Pacific Daylight Time",1492124199.020965000,0.000264000,0.104766000,8.511981000,5729,259,259,0,0,radiotap:wlan_radio:wlan
83,83,0,23,"Apr 13, 2017 15:56:39.110761000 Pacific Daylight Time",1492124199.110761000,0.000334000,0.089796000,8.601777000,5853,259,259,0,0,radiotap:wlan_radio:wlan
84,84,0,23,"Apr 13, 2017 15:56:39.224138000 Pacific Daylight Time",1492124199.224138000,0.000284000,0.113377000,8.715154000,5944,259,259,0,0,radiotap:wlan_radio:wlan
85,85,0,23,"Apr 13, 2017 15:56:39.326925000 Pacific Daylight Time",1492124199.326925000,0.000286000,0.102787000,8.817941000,6013,259,259,0,0,radiotap:wlan_radio:wlan
86,86,0,23,"Apr 13, 2017 15:56:39.418030000 Pacific Daylight Time",1492124199.418030000,0.000225000,0.091105000,8.909046000,6091,259,259,0,0,radiotap:wlan_radio:wlan
87,87,0,23,"Apr 13, 2017 15:56:39.520386000 Pacific Daylight Time",1492124199.520386000,0.029278000,0.102356000,9.011402000,6248,259,259,0,0,radiotap:wlan_radio:wlan
88,88,0,23,"Apr 13, 2017 15:56:39.624227000 Pacific Daylight Time",1492124199.624227000,0.000300000,0.103841000,9.115243000,6303,259,259,0,0,radiotap:wlan_radio:wlan
89,89,0,23,"Apr 13, 2017 15:56:39.728647000 Pacific Daylight Time",1492124199.728647000,0.000282000,0.104420000,9.219663000,6369,259,259,0,0,radiotap:wlan_radio:wlan
90,90,0,23,"Apr 13, 2017 15:56:39.836235000 Pacific Daylight Time",1492124199.836235000,0.000224000,0.107588000,9.327251000,6442,259,259,0,0,radiotap:wlan_radio:wlan
91,91,0,23,"Apr 13, 2017 15:56:39.941010000 Pacific Daylight Time",1492124199.941010000,0.000283000,0.104775000,9.432026000,6509,259,259,0,0,radiotap:wlan_radio:wlan
92,92,0,23,"Apr 13, 2017 15:56:40.032257000 Pacific Daylight Time",1492124200.032257000,0.000432000,0.091247000,9.523273000,6590,259,259,0,0,radiotap:wlan_radio:wlan
93,93,0,23,"Apr 13, 2017 15:56:40.134772000 Pacific Daylight Time",1492124200.134772000,0.002231000,0.102515000,9.625788000,6677,259,259,0,0,radiotap:wlan_radio:wlan
94,94,0,23,"Apr 13, 2017 15:56:40.237170000 Pacific Daylight Time",1492124200.237170000,0.004626000,0.102398000,9.728186000,6685,259,259,0,0,radiotap:wlan_radio:wlan
95,95,0,23,"Apr 13, 2017 15:56:40.339561000 Pacific Daylight Time",1492124200.339561000,0.007050000,0.102391000,9.830577000,6694,259,259,0,0,radiotap:wlan_radio:wlan
96,96,0,23,"Apr 13, 2017 15:56:40.445734000 Pacific Daylight Time",1492124200.445734000,0.005803000,0.106173000,9.936750000,6790,259,259,0,0,radiotap:wlan_radio:wlan
97,97,0,23,"Apr 13, 2017 15:56:40.546785000 Pacific Daylight Time",1492124200.546785000,0.005373000,0.101051000,10.037801000,6868,259,259,0,0,radiotap:wlan_radio:wlan
98,98,0,23,"Apr 13, 2017 15:56:40.655702000 Pacific Daylight Time",1492124200.655702000,0.000304000,0.108917000,10.146718000,6949,259,259,0,0,radiotap:wlan_radio:wlan
99,99,0,23,"Apr 13, 2017 15:56:40.761221000 Pacific Daylight Time",1492124200.761221000,0.000284000,0.105519000,10.252237000,7012,259,259,0,0,radiotap:wlan_radio:wlan
100,100,0,23,"Apr 13, 2017 15:56:40.851418000 Pacific Daylight Time",1492124200.851418000,0.000259000,0.090197000,10.342434000,7102,259,259,0,0,radiotap:wlan_radio:wlan
101,101,0,23,"Apr 13, 2017 15:56:40.953915000 Pacific Daylight Time",1492124200.953915000,0.000510000,0.102497000,10.444931000,7178,259,259,0,0,radiotap:wlan_radio:wlan
102,102,0,23,"Apr 13, 2017 15:56:41.060247000 Pacific Daylight Time",1492124201.060247000,0.000455000,0.106332000,10.551263000,7244,259,259,0,0,radiotap:wlan_radio:wlan
103,103,0,23,"Apr 13, 2017 15:56:41.162616000 Pacific Daylight Time",1492124201.162616000,0.000467000,0.102369000,10.653632000,7312,259,259,0,0,radiotap:wlan_radio:wlan
104,104,0,23,"Apr 13, 2017 15:56:41.269603000 Pacific Daylight Time",1492124201.269603000,0.000462000,0.106987000,10.760619000,7390,259,259,0,0,radiotap:wlan_radio:wlan
105,105,0,23,"Apr 13, 2017 15:56:41.465906000 Pacific Daylight Time",1492124201.465906000,0.004753000,0.196303000,10.956922000,7474,259,259,0,0,radiotap:wlan_radio:wlan
106,106,0,23,"Apr 13, 2017 15:56:41.568309000 Pacific Daylight Time",1492124201.568309000,0.008602000,0.102403000,11.059325000,7570,259,259,0,0,radiotap:wlan_radio:wlan
107,107,0,23,"Apr 13, 2017 15:56:41.670659000 Pacific Daylight Time",1492124201.670659000,0.010914000,0.102350000,11.161675000,7612,259,259,0,0,radiotap:wlan_radio:wlan
108,108,0,23,"Apr 13, 2017 15:56:41.773062000 Pacific Daylight Time",1492124201.773062000,0.008881000,0.102403000,11.264078000,7618,259,259,0,0,radiotap:wlan_radio:wlan
109,109,0,23,"Apr 13, 2017 15:56:41.875460000 Pacific Daylight Time",1492124201.875460000,0.006820000,0.102398000,11.366476000,7644,259,259,0,0,radiotap:wlan_radio:wlan
110,110,0,23,"Apr 13, 2017 15:56:41.979755000 Pacific Daylight Time",1492124201.979755000,0.005468000,0.104295000,11.470771000,7769,259,259,0,0,radiotap:wlan_radio:wlan
111,111,0,23,"Apr 13, 2017 15:56:42.101153000 Pacific Daylight Time",1492124202.101153000,0.000283000,0.121398000,11.592169000,7866,259,259,0,0,radiotap:wlan_radio:wlan
112,112,0,23,"Apr 13, 2017 15:56:42.182667000 Pacific Daylight Time",1492124202.182667000,0.000539000,0.081514000,11.673683000,7937,259,259,0,0,radiotap:wlan_radio:wlan
113,113,0,23,"Apr 13, 2017 15:56:42.286241000 Pacific Daylight Time",1492124202.286241000,0.000281000,0.103574000,11.777257000,8021,259,259,0,0,radiotap:wlan_radio:wlan
114,114,0,23,"Apr 13, 2017 15:56:42.392651000 Pacific Daylight Time",1492124202.392651000,0.000463000,0.106410000,11.883667000,8071,259,259,0,0,radiotap:wlan_radio:wlan
115,115,0,23,"Apr 13, 2017 15:56:42.489845000 Pacific Daylight Time",1492124202.489845000,0.007792000,0.097194000,11.980861000,8102,259,259,0,0,radiotap:wlan_radio:wlan
116,116,0,23,"Apr 13, 2017 15:56:42.592206000 Pacific Daylight Time",1492124202.592206000,0.059769000,0.102361000,12.083222000,8119,259,259,0,0,radiotap:wlan_radio:wlan
117,117,0,23,"Apr 13, 2017 15:56:42.696986000 Pacific Daylight Time",1492124202.696986000,0.000285000,0.104780000,12.188002000,8229,259,259,0,0,radiotap:wlan_radio:wlan
118,118,0,23,"Apr 13, 2017 15:56:42.797701000 Pacific Daylight Time",1492124202.797701000,0.000283000,0.100715000,12.288717000,8306,259,259,0,0,radiotap:wlan_radio:wlan
119,119,0,23,"Apr 13, 2017 15:56:42.899819000 Pacific Daylight Time",1492124202.899819000,0.000281000,0.102118000,12.390835000,8374,259,259,0,0,radiotap:wlan_radio:wlan
120,120,0,23,"Apr 13, 2017 15:56:43.001709000 Pacific Daylight Time",1492124203.001709000,0.002441000,0.101890000,12.492725000,8517,259,259,0,0,radiotap:wlan_radio:wlan
121,121,0,23,"Apr 13, 2017 15:56:43.104119000 Pacific Daylight Time",1492124203.104119000,0.011628000,0.102410000,12.595135000,8584,259,259,0,0,radiotap:wlan_radio:wlan
122,122,0,23,"Apr 13, 2017 15:56:43.214881000 Pacific Daylight Time",1492124203.214881000,0.000274000,0.110762000,12.705897000,8694,259,259,0,0,radiotap:wlan_radio:wlan
123,123,0,23,"Apr 13, 2017 15:56:43.310745000 Pacific Daylight Time",1492124203.310745000,0.000283000,0.095864000,12.801761000,8778,259,259,0,0,radiotap:wlan_radio:wlan
124,124,0,23,"Apr 13, 2017 15:56:43.411850000 Pacific Daylight Time",1492124203.411850000,0.000287000,0.101105000,12.902866000,8868,259,259,0,0,radiotap:wlan_radio:wlan
125,125,0,23,"Apr 13, 2017 15:56:43.516046000 Pacific Daylight Time",1492124203.516046000,0.005802000,0.104196000,13.007062000,8953,259,259,0,0,radiotap:wlan_radio:wlan
126,126,0,23,"Apr 13, 2017 15:56:43.617060000 Pacific Daylight Time",1492124203.617060000,0.005712000,0.101014000,13.108076000,9035,259,259,0,0,radiotap:wlan_radio:wlan
127,127,0,23,"Apr 13, 2017 15:56:43.720541000 Pacific Daylight Time",1492124203.720541000,0.005847000,0.103481000,13.211557000,9125,259,259,0,0,radiotap:wlan_radio:wlan
128,128,0,23,"Apr 13, 2017 15:56:43.825016000 Pacific Daylight Time",1492124203.825016000,0.000287000,0.104475000,13.316032000,9194,259,259,0,0,radiotap:wlan_radio:wlan
129,129,0,23,"Apr 13, 2017 15:56:43.924230000 Pacific Daylight Time",1492124203.924230000,0.000447000,0.099214000,13.415246000,9268,259,259,0,0,radiotap:wlan_radio:wlan
130,130,0,23,"Apr 13, 2017 15:56:44.032977000 Pacific Daylight Time",1492124204.032977000,0.000279000,0.108747000,13.523993000,9343,259,259,0,0,radiotap:wlan_radio:wlan
131,131,0,23,"Apr 13, 2017 15:56:44.128181000 Pacific Daylight Time",1492124204.128181000,0.000543000,0.095204000,13.619197000,9419,259,259,0,0,radiotap:wlan_radio:wlan
132,132,0,23,"Apr 13, 2017 15:56:44.231594000 Pacific Daylight Time",1492124204.231594000,0.000301000,0.103413000,13.722610000,9492,259,259,0,0,radiotap:wlan_radio:wlan
133,133,0,23,"Apr 13, 2017 15:56:44.336769000 Pacific Daylight Time",1492124204.336769000,0.000359000,0.105175000,13.827785000,9576,259,259,0,0,radiotap:wlan_radio:wlan
134,134,0,23,"Apr 13, 2017 15:56:44.439498000 Pacific Daylight Time",1492124204.439498000,0.000288000,0.102729000,13.930514000,9642,259,259,0,0,radiotap:wlan_radio:wlan
135,135,0,23,"Apr 13, 2017 15:56:44.543918000 Pacific Daylight Time",1492124204.543918000,0.000289000,0.104420000,14.034934000,9706,259,259,0,0,radiotap:wlan_radio:wlan
136,136,0,23,"Apr 13, 2017 15:56:44.742923000 Pacific Daylight Time",1492124204.742923000,0.000301000,0.199005000,14.233939000,9901,259,259,0,0,radiotap:wlan_radio:wlan
137,137,0,23,"Apr 13, 2017 15:56:44.848819000 Pacific Daylight Time",1492124204.848819000,0.000285000,0.105896000,14.339835000,9992,259,259,0,0,radiotap:wlan_radio:wlan
138,138,0,23,"Apr 13, 2017 15:56:44.952231000 Pacific Daylight Time",1492124204.952231000,0.000528000,0.103412000,14.443247000,10077,259,259,0,0,radiotap:wlan_radio:wlan
139,139,0,23,"Apr 13, 2017 15:56:45.056139000 Pacific Daylight Time",1492124205.056139000,0.000363000,0.103908000,14.547155000,10156,259,259,0,0,radiotap:wlan_radio:wlan
140,140,0,23,"Apr 13, 2017 15:56:45.158105000 Pacific Daylight Time",1492124205.158105000,0.000321000,0.101966000,14.649121000,10224,259,259,0,0,radiotap:wlan_radio:wlan
141,141,0,23,"Apr 13, 2017 15:56:45.254460000 Pacific Daylight Time",1492124205.254460000,0.000698000,0.096355000,14.745476000,10329,259,259,0,0,radiotap:wlan_radio:wlan
142,142,0,23,"Apr 13, 2017 15:56:45.357325000 Pacific Daylight Time",1492124205.357325000,0.000799000,0.102865000,14.848341000,10404,259,259,0,0,radiotap:wlan_radio:wlan
143,143,0,23,"Apr 13, 2017 15:56:45.463380000 Pacific Daylight Time",1492124205.463380000,0.000294000,0.106055000,14.954396000,10459,259,259,0,0,radiotap:wlan_radio:wlan
144,144,0,23,"Apr 13, 2017 15:56:45.562137000 Pacific Daylight Time",1492124205.562137000,0.005757000,0.098757000,15.053153000,10552,259,259,0,0,radiotap:wlan_radio:wlan
145,145,0,23,"Apr 13, 2017 15:56:45.669074000 Pacific Daylight Time",1492124205.669074000,0.005673000,0.106937000,15.160090000,10666,259,259,0,0,radiotap:wlan_radio:wlan
146,146,0,23,"Apr 13, 2017 15:56:45.769861000 Pacific Daylight Time",1492124205.769861000,0.005876000,0.100787000,15.260877000,10736,259,259,0,0,radiotap:wlan_radio:wlan
147,147,0,23,"Apr 13, 2017 15:56:45.870543000 Pacific Daylight Time",1492124205.870543000,0.000471000,0.100682000,15.361559000,10830,259,259,0,0,radiotap:wlan_radio:wlan
148,148,0,23,"Apr 13, 2017 15:56:45.977745000 Pacific Daylight Time",1492124205.977745000,0.000124000,0.107202000,15.468761000,10917,259,259,0,0,radiotap:wlan_radio:wlan
149,149,0,23,"Apr 13, 2017 15:56:46.082928000 Pacific Daylight Time",1492124206.082928000,0.000455000,0.105183000,15.573944000,11020,259,259,0,0,radiotap:wlan_radio:wlan
150,150,0,23,"Apr 13, 2017 15:56:46.188347000 Pacific Daylight Time",1492124206.188347000,0.000453000,0.105419000,15.679363000,11116,259,259,0,0,radiotap:wlan_radio:wlan
151,151,0,23,"Apr 13, 2017 15:56:46.278404000 Pacific Daylight Time",1492124206.278404000,0.000484000,0.090057000,15.769420000,11239,259,259,0,0,radiotap:wlan_radio:wlan
152,152,0,23,"Apr 13, 2017 15:56:46.380830000 Pacific Daylight Time",1492124206.380830000,0.010953000,0.102426000,15.871846000,11324,259,259,0,0,radiotap:wlan_radio:wlan
153,153,0,23,"Apr 13, 2017 15:56:46.483200000 Pacific Daylight Time",1492124206.483200000,0.016645000,0.102370000,15.974216000,11340,259,259,0,0,radiotap:wlan_radio:wlan
154,154,0,23,"Apr 13, 2017 15:56:46.585485000 Pacific Daylight Time",1492124206.585485000,0.016961000,0.102285000,16.076501000,11425,259,259,0,0,radiotap:wlan_radio:wlan
155,155,0,23,"Apr 13, 2017 15:56:46.688255000 Pacific Daylight Time",1492124206.688255000,0.000483000,0.102770000,16.179271000,11523,259,259,0,0,radiotap:wlan_radio:wlan
156,156,0,23,"Apr 13, 2017 15:56:46.803445000 Pacific Daylight Time",1492124206.803445000,0.000288000,0.115190000,16.294461000,11611,259,259,0,0,radiotap:wlan_radio:wlan
157,157,0,23,"Apr 13, 2017 15:56:46.897749000 Pacific Daylight Time",1492124206.897749000,0.000282000,0.094304000,16.388765000,11711,259,259,0,0,radiotap:wlan_radio:wlan
158,158,0,23,"Apr 13, 2017 15:56:47.098987000 Pacific Daylight Time",1492124207.098987000,0.005955000,0.201238000,16.590003000,11910,259,259,0,0,radiotap:wlan_radio:wlan
159,159,0,23,"Apr 13, 2017 15:56:47.209422000 Pacific Daylight Time",1492124207.209422000,0.000288000,0.110435000,16.700438000,12016,259,259,0,0,radiotap:wlan_radio:wlan
160,160,0,23,"Apr 13, 2017 15:56:47.307161000 Pacific Daylight Time",1492124207.307161000,0.000259000,0.097739000,16.798177000,12094,259,259,0,0,radiotap:wlan_radio:wlan
161,161,0,23,"Apr 13, 2017 15:56:47.411391000 Pacific Daylight Time",1492124207.411391000,0.005757000,0.104230000,16.902407000,12165,259,259,0,0,radiotap:wlan_radio:wlan
162,162,0,23,"Apr 13, 2017 15:56:47.509088000 Pacific Daylight Time",1492124207.509088000,0.000287000,0.097697000,17.000104000,12256,259,259,0,0,radiotap:wlan_radio:wlan
163,163,0,23,"Apr 13, 2017 15:56:47.609615000 Pacific Daylight Time",1492124207.609615000,0.000372000,0.100527000,17.100631000,12335,259,259,0,0,radiotap:wlan_radio:wlan
164,164,0,23,"Apr 13, 2017 15:56:47.715832000 Pacific Daylight Time",1492124207.715832000,0.000293000,0.106217000,17.206848000,12436,259,259,0,0,radiotap:wlan_radio:wlan
165,165,0,23,"Apr 13, 2017 15:56:47.832255000 Pacific Daylight Time",1492124207.832255000,0.000450000,0.116423000,17.323271000,12514,259,259,0,0,radiotap:wlan_radio:wlan
166,166,0,23,"Apr 13, 2017 15:56:47.916698000 Pacific Daylight Time",1492124207.916698000,0.000661000,0.084443000,17.407714000,12616,259,259,0,0,radiotap:wlan_radio:wlan
167,167,0,23,"Apr 13, 2017 15:56:48.019097000 Pacific Daylight Time",1492124208.019097000,0.000568000,0.102399000,17.510113000,12705,259,259,0,0,radiotap:wlan_radio:wlan
168,168,0,23,"Apr 13, 2017 15:56:48.121366000 Pacific Daylight Time",1492124208.121366000,0.002570000,0.102269000,17.612382000,12790,259,259,0,0,radiotap:wlan_radio:wlan
169,169,0,23,"Apr 13, 2017 15:56:48.228487000 Pacific Daylight Time",1492124208.228487000,0.000367000,0.107121000,17.719503000,12907,259,259,0,0,radiotap:wlan_radio:wlan
170,170,0,23,"Apr 13, 2017 15:56:48.332712000 Pacific Daylight Time",1492124208.332712000,0.000273000,0.104225000,17.823728000,12980,259,259,0,0,radiotap:wlan_radio:wlan
171,171,0,23,"Apr 13, 2017 15:56:48.434103000 Pacific Daylight Time",1492124208.434103000,0.005780000,0.101391000,17.925119000,13058,259,259,0,0,radiotap:wlan_radio:wlan
172,172,0,23,"Apr 13, 2017 15:56:48.531079000 Pacific Daylight Time",1492124208.531079000,0.000282000,0.096976000,18.022095000,13136,259,259,0,0,radiotap:wlan_radio:wlan
173,173,0,23,"Apr 13, 2017 15:56:48.639584000 Pacific Daylight Time",1492124208.639584000,0.005753000,0.108505000,18.130600000,13220,259,259,0,0,radiotap:wlan_radio:wlan
174,174,0,23,"Apr 13, 2017 15:56:48.748641000 Pacific Daylight Time",1492124208.748641000,0.005783000,0.109057000,18.239657000,13305,259,259,0,0,radiotap:wlan_radio:wlan
175,175,0,23,"Apr 13, 2017 15:56:48.847545000 Pacific Daylight Time",1492124208.847545000,0.000373000,0.098904000,18.338561000,13417,259,259,0,0,radiotap:wlan_radio:wlan
176,176,0,23,"Apr 13, 2017 15:56:48.952738000 Pacific Daylight Time",1492124208.952738000,0.000293000,0.105193000,18.443754000,13490,259,259,0,0,radiotap:wlan_radio:wlan
177,177,0,23,"Apr 13, 2017 15:56:49.055944000 Pacific Daylight Time",1492124209.055944000,0.000280000,0.103206000,18.546960000,13558,259,259,0,0,radiotap:wlan_radio:wlan
178,178,0,23,"Apr 13, 2017 15:56:49.145656000 Pacific Daylight Time",1492124209.145656000,0.000381000,0.089712000,18.636672000,13619,259,259,0,0,radiotap:wlan_radio:wlan
179,179,0,23,"Apr 13, 2017 15:56:49.251273000 Pacific Daylight Time",1492124209.251273000,0.000312000,0.105617000,18.742289000,13701,259,259,0,0,radiotap:wlan_radio:wlan
180,180,0,23,"Apr 13, 2017 15:56:49.359957000 Pacific Daylight Time",1492124209.359957000,0.000394000,0.108684000,18.850973000,13775,259,259,0,0,radiotap:wlan_radio:wlan
181,181,0,23,"Apr 13, 2017 15:56:49.455691000 Pacific Daylight Time",1492124209.455691000,0.000303000,0.095734000,18.946707000,13843,259,259,0,0,radiotap:wlan_radio:wlan
182,182,0,23,"Apr 13, 2017 15:56:49.560081000 Pacific Daylight Time",1492124209.560081000,0.000280000,0.104390000,19.051097000,13914,259,259,0,0,radiotap:wlan_radio:wlan
183,183,0,23,"Apr 13, 2017 15:56:49.657430000 Pacific Daylight Time",1492124209.657430000,0.035358000,0.097349000,19.148446000,13947,259,259,0,0,radiotap:wlan_radio:wlan
184,184,0,23,"Apr 13, 2017 15:56:49.759818000 Pacific Daylight Time",1492124209.759818000,0.033288000,0.102388000,19.250834000,13960,259,259,0,0,radiotap:wlan_radio:wlan
185,185,0,23,"Apr 13, 2017 15:56:49.866023000 Pacific Daylight Time",1492124209.866023000,0.000297000,0.106205000,19.357039000,14013,259,259,0,0,radiotap:wlan_radio:wlan
186,186,0,23,"Apr 13, 2017 15:56:49.964576000 Pacific Daylight Time",1492124209.964576000,0.004854000,0.098553000,19.455592000,14064,259,259,0,0,radiotap:wlan_radio:wlan
187,187,0,23,"Apr 13, 2017 15:56:50.066994000 Pacific Daylight Time",1492124210.066994000,0.000459000,0.102418000,19.558010000,14070,259,259,0,0,radiotap:wlan_radio:wlan
188,188,0,23,"Apr 13, 2017 15:56:50.169729000 Pacific Daylight Time",1492124210.169729000,0.000293000,0.102735000,19.660745000,14203,259,259,0,0,radiotap:wlan_radio:wlan
189,189,0,23,"Apr 13, 2017 15:56:50.274869000 Pacific Daylight Time",1492124210.274869000,0.000288000,0.105140000,19.765885000,14284,259,259,0,0,radiotap:wlan_radio:wlan
190,190,0,23,"Apr 13, 2017 15:56:50.374075000 Pacific Daylight Time",1492124210.374075000,0.011932000,0.099206000,19.865091000,14425,259,259,0,0,radiotap:wlan_radio:wlan
191,191,0,23,"Apr 13, 2017 15:56:50.481040000 Pacific Daylight Time",1492124210.481040000,0.005768000,0.106965000,19.972056000,14529,259,259,0,0,radiotap:wlan_radio:wlan
192,192,0,23,"Apr 13, 2017 15:56:50.591594000 Pacific Daylight Time",1492124210.591594000,0.000385000,0.110554000,20.082610000,14624,259,259,0,0,radiotap:wlan_radio:wlan
193,193,0,23,"Apr 13, 2017 15:56:50.886156000 Pacific Daylight Time",1492124210.886156000,0.010745000,0.294562000,20.377172000,14772,259,259,0,0,radiotap:wlan_radio:wlan
194,194,0,23,"Apr 13, 2017 15:56:50.988528000 Pacific Daylight Time",1492124210.988528000,0.000420000,0.102372000,20.479544000,14970,259,259,0,0,radiotap:wlan_radio:wlan
195,195,0,23,"Apr 13, 2017 15:56:51.103987000 Pacific Daylight Time",1492124211.103987000,0.000378000,0.115459000,20.595003000,15118,259,259,0,0,radiotap:wlan_radio:wlan
196,196,0,23,"Apr 13, 2017 15:56:51.202023000 Pacific Daylight Time",1492124211.202023000,0.000284000,0.098036000,20.693039000,15197,259,259,0,0,radiotap:wlan_radio:wlan
197,197,0,23,"Apr 13, 2017 15:56:51.298470000 Pacific Daylight Time",1492124211.298470000,0.000127000,0.096447000,20.789486000,15260,259,259,0,0,radiotap:wlan_radio:wlan
198,198,0,23,"Apr 13, 2017 15:56:51.397916000 Pacific Daylight Time",1492124211.397916000,0.000129000,0.099446000,20.888932000,15331,259,259,0,0,radiotap:wlan_radio:wlan
199,199,0,23,"Apr 13, 2017 15:56:51.506209000 Pacific Daylight Time",1492124211.506209000,0.000384000,0.108293000,20.997225000,15412,259,259,0,0,radiotap:wlan_radio:wlan
200,200,0,23,"Apr 13, 2017 15:56:51.603053000 Pacific Daylight Time",1492124211.603053000,0.000381000,0.096844000,21.094069000,15492,259,259,0,0,radiotap:wlan_radio:wlan
201,201,0,23,"Apr 13, 2017 15:56:51.710051000 Pacific Daylight Time",1492124211.710051000,0.000294000,0.106998000,21.201067000,15569,259,259,0,0,radiotap:wlan_radio:wlan
202,202,0,23,"Apr 13, 2017 15:56:51.817013000 Pacific Daylight Time",1492124211.817013000,0.000456000,0.106962000,21.308029000,15648,259,259,0,0,radiotap:wlan_radio:wlan
203,203,0,23,"Apr 13, 2017 15:56:51.910591000 Pacific Daylight Time",1492124211.910591000,0.000223000,0.093578000,21.401607000,15722,259,259,0,0,radiotap:wlan_radio:wlan
204,204,0,23,"Apr 13, 2017 15:56:52.020224000 Pacific Daylight Time",1492124212.020224000,0.000297000,0.109633000,21.511240000,15796,259,259,0,0,radiotap:wlan_radio:wlan
205,205,0,23,"Apr 13, 2017 15:56:52.123852000 Pacific Daylight Time",1492124212.123852000,0.000283000,0.103628000,21.614868000,15854,259,259,0,0,radiotap:wlan_radio:wlan
206,206,0,23,"Apr 13, 2017 15:56:52.217250000 Pacific Daylight Time",1492124212.217250000,0.008671000,0.093398000,21.708266000,15888,259,259,0,0,radiotap:wlan_radio:wlan
207,207,0,23,"Apr 13, 2017 15:56:52.321169000 Pacific Daylight Time",1492124212.321169000,0.000282000,0.103919000,21.812185000,15937,259,259,0,0,radiotap:wlan_radio:wlan
208,208,0,23,"Apr 13, 2017 15:56:52.430727000 Pacific Daylight Time",1492124212.430727000,0.000560000,0.109558000,21.921743000,16034,259,259,0,0,radiotap:wlan_radio:wlan
209,209,0,23,"Apr 13, 2017 15:56:52.529957000 Pacific Daylight Time",1492124212.529957000,0.005916000,0.099230000,22.020973000,16120,259,259,0,0,radiotap:wlan_radio:wlan
210,210,0,23,"Apr 13, 2017 15:56:52.639603000 Pacific Daylight Time",1492124212.639603000,0.000409000,0.109646000,22.130619000,16198,259,259,0,0,radiotap:wlan_radio:wlan
211,211,0,23,"Apr 13, 2017 15:56:52.732471000 Pacific Daylight Time",1492124212.732471000,0.000463000,0.092868000,22.223487000,16257,259,259,0,0,radiotap:wlan_radio:wlan
212,212,0,23,"Apr 13, 2017 15:56:52.831643000 Pacific Daylight Time",1492124212.831643000,0.020364000,0.099172000,22.322659000,16311,259,259,0,0,radiotap:wlan_radio:wlan
213,213,0,23,"Apr 13, 2017 15:56:52.933914000 Pacific Daylight Time",1492124212.933914000,0.004208000,0.102271000,22.424930000,16357,259,259,0,0,radiotap:wlan_radio:wlan
214,214,0,23,"Apr 13, 2017 15:56:53.043004000 Pacific Daylight Time",1492124213.043004000,0.000281000,0.109090000,22.534020000,16453,259,259,0,0,radiotap:wlan_radio:wlan
215,215,0,23,"Apr 13, 2017 15:56:53.142161000 Pacific Daylight Time",1492124213.142161000,0.000367000,0.099157000,22.633177000,16536,259,259,0,0,radiotap:wlan_radio:wlan
216,216,0,23,"Apr 13, 2017 15:56:53.248573000 Pacific Daylight Time",1492124213.248573000,0.000284000,0.106412000,22.739589000,16619,259,259,0,0,radiotap:wlan_radio:wlan
217,217,0,23,"Apr 13, 2017 15:56:53.354824000 Pacific Daylight Time",1492124213.354824000,0.000297000,0.106251000,22.845840000,16704,259,259,0,0,radiotap:wlan_radio:wlan
218,218,0,23,"Apr 13, 2017 15:56:53.447236000 Pacific Daylight Time",1492124213.447236000,0.000454000,0.092412000,22.938252000,16763,259,259,0,0,radiotap:wlan_radio:wlan
219,219,0,23,"Apr 13, 2017 15:56:53.552743000 Pacific Daylight Time",1492124213.552743000,0.000291000,0.105507000,23.043759000,16855,259,259,0,0,radiotap:wlan_radio:wlan
220,220,0,23,"Apr 13, 2017 15:56:53.650823000 Pacific Daylight Time",1492124213.650823000,0.000407000,0.098080000,23.141839000,16945,259,259,0,0,radiotap:wlan_radio:wlan
221,221,0,23,"Apr 13, 2017 15:56:53.756491000 Pacific Daylight Time",1492124213.756491000,0.000277000,0.105668000,23.247507000,17041,259,259,0,0,radiotap:wlan_radio:wlan
222,222,0,23,"Apr 13, 2017 15:56:53.861628000 Pacific Daylight Time",1492124213.861628000,0.000284000,0.105137000,23.352644000,17113,259,259,0,0,radiotap:wlan_radio:wlan
223,223,0,23,"Apr 13, 2017 15:56:53.957907000 Pacific Daylight Time",1492124213.957907000,0.000272000,0.096279000,23.448923000,17179,259,259,0,0,radiotap:wlan_radio:wlan
224,224,0,23,"Apr 13, 2017 15:56:54.065688000 Pacific Daylight Time",1492124214.065688000,0.000283000,0.107781000,23.556704000,17246,259,259,0,0,radiotap:wlan_radio:wlan
225,225,0,23,"Apr 13, 2017 15:56:54.162764000 Pacific Daylight Time",1492124214.162764000,0.036601000,0.097076000,23.653780000,17303,259,259,0,0,radiotap:wlan_radio:wlan
226,226,0,23,"Apr 13, 2017 15:56:54.265128000 Pacific Daylight Time",1492124214.265128000,0.005121000,0.102364000,23.756144000,17315,259,259,0,0,radiotap:wlan_radio:wlan
227,227,0,23,"Apr 13, 2017 15:56:54.376637000 Pacific Daylight Time",1492124214.376637000,0.000322000,0.111509000,23.867653000,17425,259,259,0,0,radiotap:wlan_radio:wlan
228,228,0,23,"Apr 13, 2017 15:56:54.472138000 Pacific Daylight Time",1492124214.472138000,0.000281000,0.095501000,23.963154000,17482,259,259,0,0,radiotap:wlan_radio:wlan
229,229,0,23,"Apr 13, 2017 15:56:54.576702000 Pacific Daylight Time",1492124214.576702000,0.005781000,0.104564000,24.067718000,17563,259,259,0,0,radiotap:wlan_radio:wlan
230,230,0,23,"Apr 13, 2017 15:56:54.678454000 Pacific Daylight Time",1492124214.678454000,0.005745000,0.101752000,24.169470000,17634,259,259,0,0,radiotap:wlan_radio:wlan
231,231,0,23,"Apr 13, 2017 15:56:54.787332000 Pacific Daylight Time",1492124214.787332000,0.000072000,0.108878000,24.278348000,17703,259,259,0,0,radiotap:wlan_radio:wlan
232,232,0,23,"Apr 13, 2017 15:56:54.893980000 Pacific Daylight Time",1492124214.893980000,0.000275000,0.106648000,24.384996000,17779,259,259,0,0,radiotap:wlan_radio:wlan
233,233,0,23,"Apr 13, 2017 15:56:54.982471000 Pacific Daylight Time",1492124214.982471000,0.000281000,0.088491000,24.473487000,17841,259,259,0,0,radiotap:wlan_radio:wlan
234,234,0,23,"Apr 13, 2017 15:56:55.086504000 Pacific Daylight Time",1492124215.086504000,0.000281000,0.104033000,24.577520000,17914,259,259,0,0,radiotap:wlan_radio:wlan
235,235,0,23,"Apr 13, 2017 15:56:55.192201000 Pacific Daylight Time",1492124215.192201000,0.000215000,0.105697000,24.683217000,17987,259,259,0,0,radiotap:wlan_radio:wlan
236,236,0,23,"Apr 13, 2017 15:56:55.296456000 Pacific Daylight Time",1492124215.296456000,0.000284000,0.104255000,24.787472000,18042,259,259,0,0,radiotap:wlan_radio:wlan
237,237,0,23,"Apr 13, 2017 15:56:55.391668000 Pacific Daylight Time",1492124215.391668000,0.004712000,0.095212000,24.882684000,18060,259,259,0,0,radiotap:wlan_radio:wlan
238,238,0,23,"Apr 13, 2017 15:56:55.505080000 Pacific Daylight Time",1492124215.505080000,0.000278000,0.113412000,24.996096000,18106,259,259,0,0,radiotap:wlan_radio:wlan
239,239,0,23,"Apr 13, 2017 15:56:55.611954000 Pacific Daylight Time",1492124215.611954000,0.000381000,0.106874000,25.102970000,18177,259,259,0,0,radiotap:wlan_radio:wlan
240,240,0,23,"Apr 13, 2017 15:56:55.702511000 Pacific Daylight Time",1492124215.702511000,0.000283000,0.090557000,25.193527000,18244,259,259,0,0,radiotap:wlan_radio:wlan
241,241,0,23,"Apr 13, 2017 15:56:55.802593000 Pacific Daylight Time",1492124215.802593000,0.000593000,0.100082000,25.293609000,18338,259,259,0,0,radiotap:wlan_radio:wlan
242,242,0,23,"Apr 13, 2017 15:56:55.905878000 Pacific Daylight Time",1492124215.905878000,0.005745000,0.103285000,25.396894000,18419,259,259,0,0,radiotap:wlan_radio:wlan
243,243,0,23,"Apr 13, 2017 15:56:56.006025000 Pacific Daylight Time",1492124216.006025000,0.000283000,0.100147000,25.497041000,18482,259,259,0,0,radiotap:wlan_radio:wlan
244,244,0,23,"Apr 13, 2017 15:56:56.117359000 Pacific Daylight Time",1492124216.117359000,0.000377000,0.111334000,25.608375000,18566,259,259,0,0,radiotap:wlan_radio:wlan
245,245,0,23,"Apr 13, 2017 15:56:56.213134000 Pacific Daylight Time",1492124216.213134000,0.000616000,0.095775000,25.704150000,18666,259,259,0,0,radiotap:wlan_radio:wlan
246,246,0,23,"Apr 13, 2017 15:56:56.313666000 Pacific Daylight Time",1492124216.313666000,0.000223000,0.100532000,25.804682000,18736,259,259,0,0,radiotap:wlan_radio:wlan
247,247,0,23,"Apr 13, 2017 15:56:56.420101000 Pacific Daylight Time",1492124216.420101000,0.000458000,0.106435000,25.911117000,18818,259,259,0,0,radiotap:wlan_radio:wlan
248,248,0,23,"Apr 13, 2017 15:56:56.518853000 Pacific Daylight Time",1492124216.518853000,0.000467000,0.098752000,26.009869000,18886,259,259,0,0,radiotap:wlan_radio:wlan
249,249,0,23,"Apr 13, 2017 15:56:56.624735000 Pacific Daylight Time",1492124216.624735000,0.000457000,0.105882000,26.115751000,18967,259,259,0,0,radiotap:wlan_radio:wlan
250,250,0,23,"Apr 13, 2017 15:56:56.824999000 Pacific Daylight Time",1492124216.824999000,0.001140000,0.200264000,26.316015000,19278,259,259,0,0,radiotap:wlan_radio:wlan
251,251,0,23,"Apr 13, 2017 15:56:56.927397000 Pacific Daylight Time",1492124216.927397000,0.015640000,0.102398000,26.418413000,19372,259,259,0,0,radiotap:wlan_radio:wlan
252,252,0,23,"Apr 13, 2017 15:56:57.034286000 Pacific Daylight Time",1492124217.034286000,0.005752000,0.106889000,26.525302000,19429,259,259,0,0,radiotap:wlan_radio:wlan
253,253,0,23,"Apr 13, 2017 15:56:57.134113000 Pacific Daylight Time",1492124217.134113000,0.000453000,0.099827000,26.625129000,19518,259,259,0,0,radiotap:wlan_radio:wlan
254,254,0,23,"Apr 13, 2017 15:56:57.237262000 Pacific Daylight Time",1492124217.237262000,0.000283000,0.103149000,26.728278000,19601,259,259,0,0,radiotap:wlan_radio:wlan
255,255,0,23,"Apr 13, 2017 15:56:57.343373000 Pacific Daylight Time",1492124217.343373000,0.000286000,0.106111000,26.834389000,19696,259,259,0,0,radiotap:wlan_radio:wlan
256,256,0,23,"Apr 13, 2017 15:56:57.443001000 Pacific Daylight Time",1492124217.443001000,0.000124000,0.099628000,26.934017000,19776,259,259,0,0,radiotap:wlan_radio:wlan
257,257,0,23,"Apr 13, 2017 15:56:57.546216000 Pacific Daylight Time",1492124217.546216000,0.000457000,0.103215000,27.037232000,19863,259,259,0,0,radiotap:wlan_radio:wlan
258,258,0,23,"Apr 13, 2017 15:56:57.652735000 Pacific Daylight Time",1492124217.652735000,0.000462000,0.106519000,27.143751000,19943,259,259,0,0,radiotap:wlan_radio:wlan
259,259,0,23,"Apr 13, 2017 15:56:57.754936000 Pacific Daylight Time",1492124217.754936000,0.000454000,0.102201000,27.245952000,20005,259,259,0,0,radiotap:wlan_radio:wlan
260,260,0,23,"Apr 13, 2017 15:56:57.848836000 Pacific Daylight Time",1492124217.848836000,0.000283000,0.093900000,27.339852000,20031,259,259,0,0,radiotap:wlan_radio:wlan
261,261,0,23,"Apr 13, 2017 15:56:57.951320000 Pacific Daylight Time",1492124217.951320000,0.063921000,0.102484000,27.442336000,20035,259,259,0,0,radiotap:wlan_radio:wlan
262,262,0,23,"Apr 13, 2017 15:56:58.053728000 Pacific Daylight Time",1492124218.053728000,0.000834000,0.102408000,27.544744000,20084,259,259,0,0,radiotap:wlan_radio:wlan
263,263,0,23,"Apr 13, 2017 15:56:58.161457000 Pacific Daylight Time",1492124218.161457000,0.000326000,0.107729000,27.652473000,20165,259,259,0,0,radiotap:wlan_radio:wlan
264,264,0,23,"Apr 13, 2017 15:56:58.269432000 Pacific Daylight Time",1492124218.269432000,0.000469000,0.107975000,27.760448000,20248,259,259,0,0,radiotap:wlan_radio:wlan
265,265,0,23,"Apr 13, 2017 15:56:58.364819000 Pacific Daylight Time",1492124218.364819000,0.000465000,0.095387000,27.855835000,20315,259,259,0,0,radiotap:wlan_radio:wlan
266,266,0,23,"Apr 13, 2017 15:56:58.465531000 Pacific Daylight Time",1492124218.465531000,0.000225000,0.100712000,27.956547000,20398,259,259,0,0,radiotap:wlan_radio:wlan
267,267,0,23,"Apr 13, 2017 15:56:58.565606000 Pacific Daylight Time",1492124218.565606000,0.000283000,0.100075000,28.056622000,20474,259,259,0,0,radiotap:wlan_radio:wlan
268,268,0,23,"Apr 13, 2017 15:56:58.669065000 Pacific Daylight Time",1492124218.669065000,0.000301000,0.103459000,28.160081000,20537,259,259,0,0,radiotap:wlan_radio:wlan
269,269,0,23,"Apr 13, 2017 15:56:58.776183000 Pacific Daylight Time",1492124218.776183000,0.000281000,0.107118000,28.267199000,20621,259,259,0,0,radiotap:wlan_radio:wlan
270,270,0,23,"Apr 13, 2017 15:56:58.872877000 Pacific Daylight Time",1492124218.872877000,0.000518000,0.096694000,28.363893000,20693,259,259,0,0,radiotap:wlan_radio:wlan
271,271,0,23,"Apr 13, 2017 15:56:58.976692000 Pacific Daylight Time",1492124218.976692000,0.000274000,0.103815000,28.467708000,20781,259,259,0,0,radiotap:wlan_radio:wlan
272,272,0,23,"Apr 13, 2017 15:56:59.077666000 Pacific Daylight Time",1492124219.077666000,0.001950000,0.100974000,28.568682000,20823,259,259,0,0,radiotap:wlan_radio:wlan
273,273,0,23,"Apr 13, 2017 15:56:59.180054000 Pacific Daylight Time",1492124219.180054000,0.026808000,0.102388000,28.671070000,20835,259,259,0,0,radiotap:wlan_radio:wlan
274,274,0,23,"Apr 13, 2017 15:56:59.287022000 Pacific Daylight Time",1492124219.287022000,0.000282000,0.106968000,28.778038000,20899,259,259,0,0,radiotap:wlan_radio:wlan
275,275,0,23,"Apr 13, 2017 15:56:59.498204000 Pacific Daylight Time",1492124219.498204000,0.000216000,0.211182000,28.989220000,21065,259,259,0,0,radiotap:wlan_radio:wlan
276,276,0,23,"Apr 13, 2017 15:56:59.599281000 Pacific Daylight Time",1492124219.599281000,0.000279000,0.101077000,29.090297000,21154,259,259,0,0,radiotap:wlan_radio:wlan
277,277,0,23,"Apr 13, 2017 15:56:59.693220000 Pacific Daylight Time",1492124219.693220000,0.000286000,0.093939000,29.184236000,21246,259,259,0,0,radiotap:wlan_radio:wlan
278,278,0,23,"Apr 13, 2017 15:56:59.794688000 Pacific Daylight Time",1492124219.794688000,0.000287000,0.101468000,29.285704000,21322,259,259,0,0,radiotap:wlan_radio:wlan
279,279,0,23,"Apr 13, 2017 15:56:59.896809000 Pacific Daylight Time",1492124219.896809000,0.010705000,0.102121000,29.387825000,21462,259,259,0,0,radiotap:wlan_radio:wlan
280,280,0,23,"Apr 13, 2017 15:57:00.004874000 Pacific Daylight Time",1492124220.004874000,0.006888000,0.108065000,29.495890000,21480,259,259,0,0,radiotap:wlan_radio:wlan
281,281,0,23,"Apr 13, 2017 15:57:00.102202000 Pacific Daylight Time",1492124220.102202000,0.000250000,0.097328000,29.593218000,21575,259,259,0,0,radiotap:wlan_radio:wlan
282,282,0,23,"Apr 13, 2017 15:57:00.205375000 Pacific Daylight Time",1492124220.205375000,0.000286000,0.103173000,29.696391000,21646,259,259,0,0,radiotap:wlan_radio:wlan
283,283,0,23,"Apr 13, 2017 15:57:00.306285000 Pacific Daylight Time",1492124220.306285000,0.000258000,0.100910000,29.797301000,21770,259,259,0,0,radiotap:wlan_radio:wlan
284,284,0,23,"Apr 13, 2017 15:57:00.416849000 Pacific Daylight Time",1492124220.416849000,0.000262000,0.110564000,29.907865000,21881,259,259,0,0,radiotap:wlan_radio:wlan
285,285,0,23,"Apr 13, 2017 15:57:00.515255000 Pacific Daylight Time",1492124220.515255000,0.000263000,0.098406000,30.006271000,21962,259,259,0,0,radiotap:wlan_radio:wlan
286,286,0,23,"Apr 13, 2017 15:57:00.615787000 Pacific Daylight Time",1492124220.615787000,0.004089000,0.100532000,30.106803000,22046,259,259,0,0,radiotap:wlan_radio:wlan
287,287,0,23,"Apr 13, 2017 15:57:00.715947000 Pacific Daylight Time",1492124220.715947000,0.000301000,0.100160000,30.206963000,22118,259,259,0,0,radiotap:wlan_radio:wlan
288,288,0,23,"Apr 13, 2017 15:57:00.825711000 Pacific Daylight Time",1492124220.825711000,0.008311000,0.109764000,30.316727000,22154,259,259,0,0,radiotap:wlan_radio:wlan
289,289,0,23,"Apr 13, 2017 15:57:00.923035000 Pacific Daylight Time",1492124220.923035000,0.000298000,0.097324000,30.414051000,22219,259,259,0,0,radiotap:wlan_radio:wlan
290,290,0,23,"Apr 13, 2017 15:57:01.024632000 Pacific Daylight Time",1492124221.024632000,0.000282000,0.101597000,30.515648000,22308,259,259,0,0,radiotap:wlan_radio:wlan
291,291,0,23,"Apr 13, 2017 15:57:01.132385000 Pacific Daylight Time",1492124221.132385000,0.000362000,0.107753000,30.623401000,22408,259,259,0,0,radiotap:wlan_radio:wlan
292,292,0,23,"Apr 13, 2017 15:57:01.235612000 Pacific Daylight Time",1492124221.235612000,0.000292000,0.103227000,30.726628000,22483,259,259,0,0,radiotap:wlan_radio:wlan
293,293,0,23,"Apr 13, 2017 15:57:01.330398000 Pacific Daylight Time",1492124221.330398000,0.000450000,0.094786000,30.821414000,22569,259,259,0,0,radiotap:wlan_radio:wlan
294,294,0,23,"Apr 13, 2017 15:57:01.432858000 Pacific Daylight Time",1492124221.432858000,0.000201000,0.102460000,30.923874000,22662,259,259,0,0,radiotap:wlan_radio:wlan
295,295,0,23,"Apr 13, 2017 15:57:01.544080000 Pacific Daylight Time",1492124221.544080000,0.000285000,0.111222000,31.035096000,22754,259,259,0,0,radiotap:wlan_radio:wlan
296,296,0,23,"Apr 13, 2017 15:57:01.641038000 Pacific Daylight Time",1492124221.641038000,0.000469000,0.096958000,31.132054000,22830,259,259,0,0,radiotap:wlan_radio:wlan
297,297,0,23,"Apr 13, 2017 15:57:01.745370000 Pacific Daylight Time",1492124221.745370000,0.000463000,0.104332000,31.236386000,22903,259,259,0,0,radiotap:wlan_radio:wlan
298,298,0,23,"Apr 13, 2017 15:57:01.850493000 Pacific Daylight Time",1492124221.850493000,0.000186000,0.105123000,31.341509000,22988,259,259,0,0,radiotap:wlan_radio:wlan
299,299,0,23,"Apr 13, 2017 15:57:01.955735000 Pacific Daylight Time",1492124221.955735000,0.000463000,0.105242000,31.446751000,23069,259,259,0,0,radiotap:wlan_radio:wlan
300,300,0,23,"Apr 13, 2017 15:57:02.047680000 Pacific Daylight Time",1492124222.047680000,0.000578000,0.091945000,31.538696000,23154,259,259,0,0,radiotap:wlan_radio:wlan
301,301,0,23,"Apr 13, 2017 15:57:02.153261000 Pacific Daylight Time",1492124222.153261000,0.000402000,0.105581000,31.644277000,23223,259,259,0,0,radiotap:wlan_radio:wlan
302,302,0,23,"Apr 13, 2017 15:57:02.251903000 Pacific Daylight Time",1492124222.251903000,0.000481000,0.098642000,31.742919000,23303,259,259,0,0,radiotap:wlan_radio:wlan
303,303,0,23,"Apr 13, 2017 15:57:02.354245000 Pacific Daylight Time",1492124222.354245000,0.014624000,0.102342000,31.845261000,23406,259,259,0,0,radiotap:wlan_radio:wlan
304,304,0,23,"Apr 13, 2017 15:57:02.461455000 Pacific Daylight Time",1492124222.461455000,0.004247000,0.107210000,31.952471000,23487,259,259,0,0,radiotap:wlan_radio:wlan
305,305,0,23,"Apr 13, 2017 15:57:02.563432000 Pacific Daylight Time",1492124222.563432000,0.005777000,0.101977000,32.054448000,23572,259,259,0,0,radiotap:wlan_radio:wlan
306,306,0,23,"Apr 13, 2017 15:57:02.661379000 Pacific Daylight Time",1492124222.661379000,0.000542000,0.097947000,32.152395000,23653,259,259,0,0,radiotap:wlan_radio:wlan
307,307,0,23,"Apr 13, 2017 15:57:02.871811000 Pacific Daylight Time",1492124222.871811000,0.004256000,0.210432000,32.362827000,23824,259,259,0,0,radiotap:wlan_radio:wlan
308,308,0,23,"Apr 13, 2017 15:57:02.969809000 Pacific Daylight Time",1492124222.969809000,0.000463000,0.097998000,32.460825000,23884,259,259,0,0,radiotap:wlan_radio:wlan
309,309,0,23,"Apr 13, 2017 15:57:03.078996000 Pacific Daylight Time",1492124223.078996000,0.000465000,0.109187000,32.570012000,23966,259,259,0,0,radiotap:wlan_radio:wlan
310,310,0,23,"Apr 13, 2017 15:57:03.177495000 Pacific Daylight Time",1492124223.177495000,0.000126000,0.098499000,32.668511000,24039,259,259,0,0,radiotap:wlan_radio:wlan
311,311,0,23,"Apr 13, 2017 15:57:03.281142000 Pacific Daylight Time",1492124223.281142000,0.000465000,0.103647000,32.772158000,24105,259,259,0,0,radiotap:wlan_radio:wlan
312,312,0,23,"Apr 13, 2017 15:57:03.385787000 Pacific Daylight Time",1492124223.385787000,0.000349000,0.104645000,32.876803000,24170,259,259,0,0,radiotap:wlan_radio:wlan
313,313,0,23,"Apr 13, 2017 15:57:03.480592000 Pacific Daylight Time",1492124223.480592000,0.001404000,0.094805000,32.971608000,24230,259,259,0,0,radiotap:wlan_radio:wlan
314,314,0,23,"Apr 13, 2017 15:57:03.593381000 Pacific Daylight Time",1492124223.593381000,0.000464000,0.112789000,33.084397000,24351,259,259,0,0,radiotap:wlan_radio:wlan
315,315,0,23,"Apr 13, 2017 15:57:03.688155000 Pacific Daylight Time",1492124223.688155000,0.000277000,0.094774000,33.179171000,24418,259,259,0,0,radiotap:wlan_radio:wlan
316,316,0,23,"Apr 13, 2017 15:57:03.795239000 Pacific Daylight Time",1492124223.795239000,0.000281000,0.107084000,33.286255000,24496,259,259,0,0,radiotap:wlan_radio:wlan
317,317,0,23,"Apr 13, 2017 15:57:03.893609000 Pacific Daylight Time",1492124223.893609000,0.000271000,0.098370000,33.384625000,24570,259,259,0,0,radiotap:wlan_radio:wlan
318,318,0,23,"Apr 13, 2017 15:57:04.000610000 Pacific Daylight Time",1492124224.000610000,0.000288000,0.107001000,33.491626000,24645,259,259,0,0,radiotap:wlan_radio:wlan
319,319,0,23,"Apr 13, 2017 15:57:04.106224000 Pacific Daylight Time",1492124224.106224000,0.000227000,0.105614000,33.597240000,24719,259,259,0,0,radiotap:wlan_radio:wlan
320,320,0,23,"Apr 13, 2017 15:57:04.197865000 Pacific Daylight Time",1492124224.197865000,0.000220000,0.091641000,33.688881000,24812,259,259,0,0,radiotap:wlan_radio:wlan
321,321,0,23,"Apr 13, 2017 15:57:04.305033000 Pacific Daylight Time",1492124224.305033000,0.000220000,0.107168000,33.796049000,24892,259,259,0,0,radiotap:wlan_radio:wlan
322,322,0,23,"Apr 13, 2017 15:57:04.402148000 Pacific Daylight Time",1492124224.402148000,0.000240000,0.097115000,33.893164000,24964,259,259,0,0,radiotap:wlan_radio:wlan
323,323,0,23,"Apr 13, 2017 15:57:04.511475000 Pacific Daylight Time",1492124224.511475000,0.000280000,0.109327000,34.002491000,25058,259,259,0,0,radiotap:wlan_radio:wlan
324,324,0,23,"Apr 13, 2017 15:57:04.606956000 Pacific Daylight Time",1492124224.606956000,0.001005000,0.095481000,34.097972000,25133,259,259,0,0,radiotap:wlan_radio:wlan
325,325,0,23,"Apr 13, 2017 15:57:04.713576000 Pacific Daylight Time",1492124224.713576000,0.005707000,0.106620000,34.204592000,25214,259,259,0,0,radiotap:wlan_radio:wlan
326,326,0,23,"Apr 13, 2017 15:57:04.814607000 Pacific Daylight Time",1492124224.814607000,0.005669000,0.101031000,34.305623000,25285,259,259,0,0,radiotap:wlan_radio:wlan
327,327,0,23,"Apr 13, 2017 15:57:04.917235000 Pacific Daylight Time",1492124224.917235000,0.000285000,0.102628000,34.408251000,25358,259,259,0,0,radiotap:wlan_radio:wlan
328,328,0,23,"Apr 13, 2017 15:57:05.016512000 Pacific Daylight Time",1492124225.016512000,0.002529000,0.099277000,34.507528000,25493,259,259,0,0,radiotap:wlan_radio:wlan
329,329,0,23,"Apr 13, 2017 15:57:05.118907000 Pacific Daylight Time",1492124225.118907000,0.013848000,0.102395000,34.609923000,25609,259,259,0,0,radiotap:wlan_radio:wlan
330,330,0,23,"Apr 13, 2017 15:57:05.221250000 Pacific Daylight Time",1492124225.221250000,0.006544000,0.102343000,34.712266000,25626,259,259,0,0,radiotap:wlan_radio:wlan
331,331,0,23,"Apr 13, 2017 15:57:05.323666000 Pacific Daylight Time",1492124225.323666000,0.001125000,0.102416000,34.814682000,25657,259,259,0,0,radiotap:wlan_radio:wlan
332,332,0,23,"Apr 13, 2017 15:57:05.426063000 Pacific Daylight Time",1492124225.426063000,0.004666000,0.102397000,34.917079000,25716,259,259,0,0,radiotap:wlan_radio:wlan
333,333,0,23,"Apr 13, 2017 15:57:05.528459000 Pacific Daylight Time",1492124225.528459000,0.030943000,0.102396000,35.019475000,25730,259,259,0,0,radiotap:wlan_radio:wlan
334,334,0,23,"Apr 13, 2017 15:57:05.644973000 Pacific Daylight Time",1492124225.644973000,0.000379000,0.116514000,35.135989000,25834,259,259,0,0,radiotap:wlan_radio:wlan
335,335,0,23,"Apr 13, 2017 15:57:05.735926000 Pacific Daylight Time",1492124225.735926000,0.000455000,0.090953000,35.226942000,25912,259,259,0,0,radiotap:wlan_radio:wlan
336,336,0,23,"Apr 13, 2017 15:57:05.846672000 Pacific Daylight Time",1492124225.846672000,0.000291000,0.110746000,35.337688000,26007,259,259,0,0,radiotap:wlan_radio:wlan
337,337,0,23,"Apr 13, 2017 15:57:05.943677000 Pacific Daylight Time",1492124225.943677000,0.005778000,0.097005000,35.434693000,26087,259,259,0,0,radiotap:wlan_radio:wlan
338,338,0,23,"Apr 13, 2017 15:57:06.041388000 Pacific Daylight Time",1492124226.041388000,0.003762000,0.097711000,35.532404000,26190,259,259,0,0,radiotap:wlan_radio:wlan
339,339,0,23,"Apr 13, 2017 15:57:06.143176000 Pacific Daylight Time",1492124226.143176000,0.000383000,0.101788000,35.634192000,26298,259,259,0,0,radiotap:wlan_radio:wlan
340,340,0,23,"Apr 13, 2017 15:57:06.246811000 Pacific Daylight Time",1492124226.246811000,0.000283000,0.103635000,35.737827000,26378,259,259,0,0,radiotap:wlan_radio:wlan
341,341,0,23,"Apr 13, 2017 15:57:06.349841000 Pacific Daylight Time",1492124226.349841000,0.000287000,0.103030000,35.840857000,26452,259,259,0,0,radiotap:wlan_radio:wlan
342,342,0,23,"Apr 13, 2017 15:57:06.458025000 Pacific Daylight Time",1492124226.458025000,0.000282000,0.108184000,35.949041000,26535,259,259,0,0,radiotap:wlan_radio:wlan
343,343,0,23,"Apr 13, 2017 15:57:06.565610000 Pacific Daylight Time",1492124226.565610000,0.000228000,0.107585000,36.056626000,26635,259,259,0,0,radiotap:wlan_radio:wlan
344,344,0,23,"Apr 13, 2017 15:57:06.656296000 Pacific Daylight Time",1492124226.656296000,0.000471000,0.090686000,36.147312000,26707,259,259,0,0,radiotap:wlan_radio:wlan
345,345,0,23,"Apr 13, 2017 15:57:06.759952000 Pacific Daylight Time",1492124226.759952000,0.000471000,0.103656000,36.250968000,26784,259,259,0,0,radiotap:wlan_radio:wlan
346,346,0,23,"Apr 13, 2017 15:57:06.866403000 Pacific Daylight Time",1492124226.866403000,0.000284000,0.106451000,36.357419000,26854,259,259,0,0,radiotap:wlan_radio:wlan
347,347,0,23,"Apr 13, 2017 15:57:06.975220000 Pacific Daylight Time",1492124226.975220000,0.000281000,0.108817000,36.466236000,26923,259,259,0,0,radiotap:wlan_radio:wlan
348,348,0,23,"Apr 13, 2017 15:57:07.071776000 Pacific Daylight Time",1492124227.071776000,0.000480000,0.096556000,36.562792000,26990,259,259,0,0,radiotap:wlan_radio:wlan
349,349,0,23,"Apr 13, 2017 15:57:07.178904000 Pacific Daylight Time",1492124227.178904000,0.000426000,0.107128000,36.669920000,27043,259,259,0,0,radiotap:wlan_radio:wlan
350,350,0,23,"Apr 13, 2017 15:57:07.270587000 Pacific Daylight Time",1492124227.270587000,0.000270000,0.091683000,36.761603000,27115,259,259,0,0,radiotap:wlan_radio:wlan
351,351,0,23,"Apr 13, 2017 15:57:07.377306000 Pacific Daylight Time",1492124227.377306000,0.000279000,0.106719000,36.868322000,27191,259,259,0,0,radiotap:wlan_radio:wlan
352,352,0,23,"Apr 13, 2017 15:57:07.488651000 Pacific Daylight Time",1492124227.488651000,0.000469000,0.111345000,36.979667000,27285,259,259,0,0,radiotap:wlan_radio:wlan
353,353,0,23,"Apr 13, 2017 15:57:07.582706000 Pacific Daylight Time",1492124227.582706000,0.000299000,0.094055000,37.073722000,27370,259,259,0,0,radiotap:wlan_radio:wlan
354,354,0,23,"Apr 13, 2017 15:57:07.679004000 Pacific Daylight Time",1492124227.679004000,0.005763000,0.096298000,37.170020000,27441,259,259,0,0,radiotap:wlan_radio:wlan
355,355,0,23,"Apr 13, 2017 15:57:07.786251000 Pacific Daylight Time",1492124227.786251000,0.005841000,0.107247000,37.277267000,27524,259,259,0,0,radiotap:wlan_radio:wlan
356,356,0,23,"Apr 13, 2017 15:57:07.885730000 Pacific Daylight Time",1492124227.885730000,0.005298000,0.099479000,37.376746000,27603,259,259,0,0,radiotap:wlan_radio:wlan
357,357,0,23,"Apr 13, 2017 15:57:07.994982000 Pacific Daylight Time",1492124227.994982000,0.005428000,0.109252000,37.485998000,27684,259,259,0,0,radiotap:wlan_radio:wlan
358,358,0,23,"Apr 13, 2017 15:57:08.093042000 Pacific Daylight Time",1492124228.093042000,0.005920000,0.098060000,37.584058000,27770,259,259,0,0,radiotap:wlan_radio:wlan
359,359,0,23,"Apr 13, 2017 15:57:08.193597000 Pacific Daylight Time",1492124228.193597000,0.000284000,0.100555000,37.684613000,27837,259,259,0,0,radiotap:wlan_radio:wlan
360,360,0,23,"Apr 13, 2017 15:57:08.294690000 Pacific Daylight Time",1492124228.294690000,0.000474000,0.101093000,37.785706000,27904,259,259,0,0,radiotap:wlan_radio:wlan
361,361,0,23,"Apr 13, 2017 15:57:08.405256000 Pacific Daylight Time",1492124228.405256000,0.000285000,0.110566000,37.896272000,27967,259,259,0,0,radiotap:wlan_radio:wlan
362,362,0,23,"Apr 13, 2017 15:57:08.511121000 Pacific Daylight Time",1492124228.511121000,0.000461000,0.105865000,38.002137000,28032,259,259,0,0,radiotap:wlan_radio:wlan
363,363,0,23,"Apr 13, 2017 15:57:08.608825000 Pacific Daylight Time",1492124228.608825000,0.000463000,0.097704000,38.099841000,28093,259,259,0,0,radiotap:wlan_radio:wlan
364,364,0,23,"Apr 13, 2017 15:57:08.702610000 Pacific Daylight Time",1492124228.702610000,0.002171000,0.093785000,38.193626000,28162,259,259,0,0,radiotap:wlan_radio:wlan
365,365,0,23,"Apr 13, 2017 15:57:08.907470000 Pacific Daylight Time",1492124228.907470000,0.008004000,0.204860000,38.398486000,28224,259,259,0,0,radiotap:wlan_radio:wlan
366,366,0,23,"Apr 13, 2017 15:57:09.009869000 Pacific Daylight Time",1492124229.009869000,0.063833000,0.102399000,38.500885000,28231,259,259,0,0,radiotap:wlan_radio:wlan
367,367,0,23,"Apr 13, 2017 15:57:09.112335000 Pacific Daylight Time",1492124229.112335000,0.000283000,0.102466000,38.603351000,28359,259,259,0,0,radiotap:wlan_radio:wlan
368,368,0,23,"Apr 13, 2017 15:57:09.220376000 Pacific Daylight Time",1492124229.220376000,0.000283000,0.108041000,38.711392000,28434,259,259,0,0,radiotap:wlan_radio:wlan
369,369,0,23,"Apr 13, 2017 15:57:09.325205000 Pacific Daylight Time",1492124229.325205000,0.000289000,0.104829000,38.816221000,28501,259,259,0,0,radiotap:wlan_radio:wlan
370,370,0,23,"Apr 13, 2017 15:57:09.419457000 Pacific Daylight Time",1492124229.419457000,0.024747000,0.094252000,38.910473000,28531,259,259,0,0,radiotap:wlan_radio:wlan
371,371,0,23,"Apr 13, 2017 15:57:09.521821000 Pacific Daylight Time",1492124229.521821000,0.055446000,0.102364000,39.012837000,28538,259,259,0,0,radiotap:wlan_radio:wlan
372,372,0,23,"Apr 13, 2017 15:57:09.626137000 Pacific Daylight Time",1492124229.626137000,0.000287000,0.104316000,39.117153000,28670,259,259,0,0,radiotap:wlan_radio:wlan
373,373,0,23,"Apr 13, 2017 15:57:09.729035000 Pacific Daylight Time",1492124229.729035000,0.000297000,0.102898000,39.220051000,28762,259,259,0,0,radiotap:wlan_radio:wlan
374,374,0,23,"Apr 13, 2017 15:57:09.838613000 Pacific Daylight Time",1492124229.838613000,0.000301000,0.109578000,39.329629000,28844,259,259,0,0,radiotap:wlan_radio:wlan
375,375,0,23,"Apr 13, 2017 15:57:09.931416000 Pacific Daylight Time",1492124229.931416000,0.031053000,0.092803000,39.422432000,28981,259,259,0,0,radiotap:wlan_radio:wlan
376,376,0,23,"Apr 13, 2017 15:57:10.035618000 Pacific Daylight Time",1492124230.035618000,0.000288000,0.104202000,39.526634000,29032,259,259,0,0,radiotap:wlan_radio:wlan
377,377,0,23,"Apr 13, 2017 15:57:10.146549000 Pacific Daylight Time",1492124230.146549000,0.000285000,0.110931000,39.637565000,29123,259,259,0,0,radiotap:wlan_radio:wlan
378,378,0,23,"Apr 13, 2017 15:57:10.239475000 Pacific Daylight Time",1492124230.239475000,0.000245000,0.092926000,39.730491000,29187,259,259,0,0,radiotap:wlan_radio:wlan
379,379,0,23,"Apr 13, 2017 15:57:10.340951000 Pacific Daylight Time",1492124230.340951000,0.038998000,0.101476000,39.831967000,29236,259,259,0,0,radiotap:wlan_radio:wlan
380,380,0,23,"Apr 13, 2017 15:57:10.443398000 Pacific Daylight Time",1492124230.443398000,0.004687000,0.102447000,39.934414000,29255,259,259,0,0,radiotap:wlan_radio:wlan
381,381,0,23,"Apr 13, 2017 15:57:10.548259000 Pacific Daylight Time",1492124230.548259000,0.000343000,0.104861000,40.039275000,29280,259,259,0,0,radiotap:wlan_radio:wlan
382,382,0,23,"Apr 13, 2017 15:57:10.660947000 Pacific Daylight Time",1492124230.660947000,0.000362000,0.112688000,40.151963000,29405,259,259,0,0,radiotap:wlan_radio:wlan
383,383,0,23,"Apr 13, 2017 15:57:10.750918000 Pacific Daylight Time",1492124230.750918000,0.000466000,0.089971000,40.241934000,29458,259,259,0,0,radiotap:wlan_radio:wlan
384,384,0,23,"Apr 13, 2017 15:57:10.852952000 Pacific Daylight Time",1492124230.852952000,0.007750000,0.102034000,40.343968000,29493,259,259,0,0,radiotap:wlan_radio:wlan
385,385,0,23,"Apr 13, 2017 15:57:10.955340000 Pacific Daylight Time",1492124230.955340000,0.010117000,0.102388000,40.446356000,29527,259,259,0,0,radiotap:wlan_radio:wlan
386,386,0,23,"Apr 13, 2017 15:57:11.062933000 Pacific Daylight Time",1492124231.062933000,0.000283000,0.107593000,40.553949000,29604,259,259,0,0,radiotap:wlan_radio:wlan
387,387,0,23,"Apr 13, 2017 15:57:11.165658000 Pacific Daylight Time",1492124231.165658000,0.000381000,0.102725000,40.656674000,29679,259,259,0,0,radiotap:wlan_radio:wlan
388,388,0,23,"Apr 13, 2017 15:57:11.262546000 Pacific Daylight Time",1492124231.262546000,0.017363000,0.096888000,40.753562000,29839,259,259,0,0,radiotap:wlan_radio:wlan
389,389,0,23,"Apr 13, 2017 15:57:11.364934000 Pacific Daylight Time",1492124231.364934000,0.018543000,0.102388000,40.855950000,29847,259,259,0,0,radiotap:wlan_radio:wlan
390,390,0,23,"Apr 13, 2017 15:57:11.477873000 Pacific Daylight Time",1492124231.477873000,0.000362000,0.112939000,40.968889000,29926,259,259,0,0,radiotap:wlan_radio:wlan
391,391,0,23,"Apr 13, 2017 15:57:11.571828000 Pacific Daylight Time",1492124231.571828000,0.005810000,0.093955000,41.062844000,30016,259,259,0,0,radiotap:wlan_radio:wlan
392,392,0,23,"Apr 13, 2017 15:57:11.673641000 Pacific Daylight Time",1492124231.673641000,0.000373000,0.101813000,41.164657000,30091,259,259,0,0,radiotap:wlan_radio:wlan
393,393,0,23,"Apr 13, 2017 15:57:11.776898000 Pacific Daylight Time",1492124231.776898000,0.000300000,0.103257000,41.267914000,30167,259,259,0,0,radiotap:wlan_radio:wlan
394,394,0,23,"Apr 13, 2017 15:57:11.881023000 Pacific Daylight Time",1492124231.881023000,0.005265000,0.104125000,41.372039000,30249,259,259,0,0,radiotap:wlan_radio:wlan
395,395,0,23,"Apr 13, 2017 15:57:11.985155000 Pacific Daylight Time",1492124231.985155000,0.000421000,0.104132000,41.476171000,30309,259,259,0,0,radiotap:wlan_radio:wlan
396,396,0,23,"Apr 13, 2017 15:57:12.081686000 Pacific Daylight Time",1492124232.081686000,0.001189000,0.096531000,41.572702000,30402,259,259,0,0,radiotap:wlan_radio:wlan
